<?xml version="1.0" encoding="UTF-8" ?>
<cinder>
<block
	name="OpenCV"
	id="org.libcinder.opencv"
	author="Cinder Project"
	license="BSD"
	summary="OpenCV computer vision libraries"
	git="git://github.com/cinder/Cinder-OpenCV.git"
	version="2.4.3"
	libraryUrl="http://opencv.org/"
	>
	<header>include/CinderOpenCV.h</header>
	<includePath>include</includePath>
	<includePath>include/opencv2</includePath>
	<platform compiler="vc2012">
		<platform config="debug">
			<staticLibrary>lib/vc2012/x86/opencv_calib3d249d.lib</staticLibrary>
			<staticLibrary>lib/vc2012/x86/opencv_contrib249d.lib</staticLibrary>
			<staticLibrary>lib/vc2012/x86/opencv_core249d.lib</staticLibrary>
			<staticLibrary>lib/vc2012/x86/opencv_features2d249d.lib</staticLibrary>
			<staticLibrary>lib/vc2012/x86/opencv_flann249d.lib</staticLibrary>
			<staticLibrary>lib/vc2012/x86/opencv_gpu249d.lib</staticLibrary>
			<staticLibrary>lib/vc2012/x86/opencv_imgproc249d.lib</staticLibrary>
			<staticLibrary>lib/vc2012/x86/opencv_legacy249d.lib</staticLibrary>
			<staticLibrary>lib/vc2012/x86/opencv_ml249d.lib</staticLibrary>
			<staticLibrary>lib/vc2012/x86/opencv_nonfree249d.lib</staticLibrary>
			<staticLibrary>lib/vc2012/x86/opencv_objdetect249d.lib</staticLibrary>
			<staticLibrary>lib/vc2012/x86/opencv_ocl249d.lib</staticLibrary>
			<staticLibrary>lib/vc2012/x86/opencv_photo249d.lib</staticLibrary>
			<staticLibrary>lib/vc2012/x86/opencv_stitching249d.lib</staticLibrary>
			<staticLibrary>lib/vc2012/x86/opencv_superres249d.lib</staticLibrary>
			<staticLibrary>lib/vc2012/x86/opencv_ts249d.lib</staticLibrary>
			<staticLibrary>lib/vc2012/x86/opencv_video249d.lib</staticLibrary>
			<staticLibrary>lib/vc2012/x86/opencv_videostab249d.lib</staticLibrary>
		</platform>
		<platform config="release">
			<staticLibrary>lib/vc2012/x86/opencv_calib3d249.lib</staticLibrary>
			<staticLibrary>lib/vc2012/x86/opencv_contrib249.lib</staticLibrary>
			<staticLibrary>lib/vc2012/x86/opencv_core249.lib</staticLibrary>
			<staticLibrary>lib/vc2012/x86/opencv_features2d249.lib</staticLibrary>
			<staticLibrary>lib/vc2012/x86/opencv_flann249.lib</staticLibrary>
			<staticLibrary>lib/vc2012/x86/opencv_gpu249.lib</staticLibrary>
			<staticLibrary>lib/vc2012/x86/opencv_imgproc249.lib</staticLibrary>
			<staticLibrary>lib/vc2012/x86/opencv_legacy249.lib</staticLibrary>
			<staticLibrary>lib/vc2012/x86/opencv_ml249.lib</staticLibrary>
			<staticLibrary>lib/vc2012/x86/opencv_nonfree249.lib</staticLibrary>
			<staticLibrary>lib/vc2012/x86/opencv_objdetect249.lib</staticLibrary>
			<staticLibrary>lib/vc2012/x86/opencv_ocl249.lib</staticLibrary>
			<staticLibrary>lib/vc2012/x86/opencv_photo249.lib</staticLibrary>
			<staticLibrary>lib/vc2012/x86/opencv_stitching249.lib</staticLibrary>
			<staticLibrary>lib/vc2012/x86/opencv_superres249.lib</staticLibrary>
			<staticLibrary>lib/vc2012/x86/opencv_ts249.lib</staticLibrary>
			<staticLibrary>lib/vc2012/x86/opencv_video249.lib</staticLibrary>
			<staticLibrary>lib/vc2012/x86/opencv_videostab249.lib</staticLibrary>
		</platform>
	</platform>
	<platform os="macosx">
			<staticLibrary>lib/macosx/libopencv_calib3d.a</staticLibrary>
			<staticLibrary>lib/macosx/libopencv_contrib.a</staticLibrary>
			<staticLibrary>lib/macosx/libopencv_core.a</staticLibrary>
			<staticLibrary>lib/macosx/libopencv_features2d.a</staticLibrary>
			<staticLibrary>lib/macosx/libopencv_flann.a</staticLibrary>
			<staticLibrary>lib/macosx/libopencv_gpu.a</staticLibrary>
			<staticLibrary>lib/macosx/libopencv_imgproc.a</staticLibrary>
			<staticLibrary>lib/macosx/libopencv_legacy.a</staticLibrary>
			<staticLibrary>lib/macosx/libopencv_ml.a</staticLibrary>
			<staticLibrary>lib/macosx/libopencv_nonfree.a</staticLibrary>
			<staticLibrary>lib/macosx/libopencv_objdetect.a</staticLibrary>
			<staticLibrary>lib/macosx/libopencv_ocl.a</staticLibrary>
			<staticLibrary>lib/macosx/libopencv_photo.a</staticLibrary>
			<staticLibrary>lib/macosx/libopencv_stitching.a</staticLibrary>
			<staticLibrary>lib/macosx/libopencv_superres.a</staticLibrary>
			<staticLibrary>lib/macosx/libopencv_ts.a</staticLibrary>
			<staticLibrary>lib/macosx/libopencv_video.a</staticLibrary>
			<staticLibrary>lib/macosx/libopencv_videostab.a</staticLibrary>
	</platform>
	<platform os="ios" sdk="simulator">
			<staticLibrary>lib/ios/libopencv_calib3d.a</staticLibrary>
			<staticLibrary>lib/ios/libopencv_contrib.a</staticLibrary>
			<staticLibrary>lib/ios/libopencv_core.a</staticLibrary>
			<staticLibrary>lib/ios/libopencv_features2d.a</staticLibrary>
			<staticLibrary>lib/ios/libopencv_flann.a</staticLibrary>
			<staticLibrary>lib/ios/libopencv_imgproc.a</staticLibrary>
			<staticLibrary>lib/ios/libopencv_legacy.a</staticLibrary>
			<staticLibrary>lib/ios/libopencv_ml.a</staticLibrary>
			<staticLibrary>lib/ios/libopencv_nonfree.a</staticLibrary>
			<staticLibrary>lib/ios/libopencv_objdetect.a</staticLibrary>
			<staticLibrary>lib/ios/libopencv_photo.a</staticLibrary>
			<staticLibrary>lib/ios/libopencv_stitching.a</staticLibrary>			
			<staticLibrary>lib/ios/libopencv_video.a</staticLibrary>
			<staticLibrary>lib/ios/libopencv_videostab.a</staticLibrary>
	</platform>
	<platform os="ios" sdk="device">
			<staticLibrary>lib/ios/libopencv_calib3d.a</staticLibrary>
			<staticLibrary>lib/ios/libopencv_contrib.a</staticLibrary>
			<staticLibrary>lib/ios/libopencv_core.a</staticLibrary>
			<staticLibrary>lib/ios/libopencv_features2d.a</staticLibrary>
			<staticLibrary>lib/ios/libopencv_flann.a</staticLibrary>
			<staticLibrary>lib/ios/libopencv_imgproc.a</staticLibrary>
			<staticLibrary>lib/ios/libopencv_legacy.a</staticLibrary>
			<staticLibrary>lib/ios/libopencv_ml.a</staticLibrary>
			<staticLibrary>lib/ios/libopencv_nonfree.a</staticLibrary>
			<staticLibrary>lib/ios/libopencv_objdetect.a</staticLibrary>
			<staticLibrary>lib/ios/libopencv_photo.a</staticLibrary>
			<staticLibrary>lib/ios/libopencv_stitching.a</staticLibrary>			
			<staticLibrary>lib/ios/libopencv_video.a</staticLibrary>
			<staticLibrary>lib/ios/libopencv_videostab.a</staticLibrary>
	</platform>
</block>
<template>templates/Basic OpenCV/template.xml</template>
</cinder>